nome,email,telefone,cidade
Carlos Oliveira,carlos.oliveira.1@email.com,21919807394,Manaus
Carlos Rodrigues,carlos.rodrigues.2@email.com,41994944794,Belo Horizonte
Lucas Costa,lucas.costa.3@email.com,71996438401,Recife
Rafael Nascimento,rafael.nascimento.4@email.com,85994970021,Belo Horizonte
Pedro Silva,pedro.silva.5@email.com,71930033380,Recife
Pedro Santos,pedro.santos.6@email.com,41918759576,São Paulo
Julia Costa,julia.costa.7@email.com,11992510305,São Paulo
Carlos Santos,carlos.santos.8@email.com,41982953639,Rio de Janeiro
Pedro Almeida,pedro.almeida.9@email.com,21979835828,Fortaleza
Fernanda Rodrigues,fernanda.rodrigues.10@email.com,11949445928,Fortaleza
Fernanda Rodrigues,fernanda.rodrigues.11@email.com,85973460164,Manaus
Rafael Pereira,rafael.pereira.12@email.com,71992269500,Rio de Janeiro
Ana Nascimento,ana.nascimento.13@email.com,51912059643,Belo Horizonte
Carlos Nascimento,carlos.nascimento.14@email.com,85965240025,Fortaleza
Carlos Costa,carlos.costa.15@email.com,81956498387,Belo Horizonte
Julia Nascimento,julia.nascimento.16@email.com,21932198310,Fortaleza
Rafael Nascimento,rafael.nascimento.17@email.com,71942217643,Brasília
Ana Almeida,ana.almeida.18@email.com,31915233139,Belo Horizonte
Julia Santos,julia.santos.19@email.com,85959746399,Salvador
Lucas Almeida,lucas.almeida.20@email.com,11995299516,Porto Alegre
Lucas Rodrigues,lucas.rodrigues.21@email.com,31957220479,Recife
João Almeida,joão.almeida.22@email.com,61958277424,Salvador
Rafael Nascimento,rafael.nascimento.23@email.com,11937294514,Curitiba
Rafael Costa,rafael.costa.24@email.com,21912954742,Salvador
João Santos,joão.santos.25@email.com,81945617997,Recife
Ana Silva,ana.silva.26@email.com,85949529075,Recife
João Oliveira,joão.oliveira.27@email.com,31976493062,Recife
Fernanda Costa,fernanda.costa.28@email.com,81998852630,Brasília
João Souza,joão.souza.29@email.com,11944443280,Porto Alegre
Fernanda Santos,fernanda.santos.30@email.com,51994329858,Porto Alegre
Pedro Nascimento,pedro.nascimento.31@email.com,81918375868,Belo Horizonte
Camila Pereira,camila.pereira.32@email.com,61920098752,Salvador
Lucas Silva,lucas.silva.33@email.com,71937244979,Porto Alegre
Ana Costa,ana.costa.34@email.com,81976343849,Manaus
Rafael Almeida,rafael.almeida.35@email.com,71943466657,Salvador
Julia Almeida,julia.almeida.36@email.com,11968995017,Brasília
Julia Oliveira,julia.oliveira.37@email.com,41992567569,São Paulo
Lucas Souza,lucas.souza.38@email.com,71970993047,Fortaleza
Carlos Almeida,carlos.almeida.39@email.com,51955499252,Porto Alegre
João Pereira,joão.pereira.40@email.com,31957602687,Porto Alegre
Pedro Pereira,pedro.pereira.41@email.com,81928714688,Fortaleza
João Souza,joão.souza.42@email.com,61998371641,Curitiba
Ana Nascimento,ana.nascimento.43@email.com,21965939085,Fortaleza
Maria Lima,maria.lima.44@email.com,81916702835,Brasília
Maria Nascimento,maria.nascimento.45@email.com,51992049488,São Paulo
Fernanda Nascimento,fernanda.nascimento.46@email.com,85921339911,Porto Alegre
Rafael Oliveira,rafael.oliveira.47@email.com,51967935553,Brasília
Julia Almeida,julia.almeida.48@email.com,92930842041,Porto Alegre
Lucas Lima,lucas.lima.49@email.com,81932132799,Recife
Fernanda Costa,fernanda.costa.50@email.com,81944817112,Porto Alegre
Camila Rodrigues,camila.rodrigues.51@email.com,61976639775,Salvador
Camila Souza,camila.souza.52@email.com,85996782170,Curitiba
Carlos Almeida,carlos.almeida.53@email.com,81942763985,Fortaleza
Ana Silva,ana.silva.54@email.com,61944791770,Belo Horizonte
Maria Oliveira,maria.oliveira.55@email.com,31984108646,Manaus
Julia Almeida,julia.almeida.56@email.com,21971381913,Belo Horizonte
Rafael Oliveira,rafael.oliveira.57@email.com,71994355597,São Paulo
Carlos Lima,carlos.lima.58@email.com,21993284103,Brasília
Ana Santos,ana.santos.59@email.com,71935234352,São Paulo
Lucas Oliveira,lucas.oliveira.60@email.com,11982338781,Manaus
Fernanda Lima,fernanda.lima.61@email.com,85943866186,Porto Alegre
Carlos Silva,carlos.silva.62@email.com,51967064720,São Paulo
Lucas Rodrigues,lucas.rodrigues.63@email.com,51957112508,Rio de Janeiro
Rafael Souza,rafael.souza.64@email.com,71933914597,Rio de Janeiro
Carlos Pereira,carlos.pereira.65@email.com,51957966096,Fortaleza
Ana Costa,ana.costa.66@email.com,21980178137,Recife
Fernanda Santos,fernanda.santos.67@email.com,61952999936,Belo Horizonte
Carlos Santos,carlos.santos.68@email.com,61945549490,Fortaleza
Pedro Costa,pedro.costa.69@email.com,31911296335,Belo Horizonte
Lucas Santos,lucas.santos.70@email.com,11982766896,Rio de Janeiro
Lucas Oliveira,lucas.oliveira.71@email.com,21940371695,Rio de Janeiro
Lucas Lima,lucas.lima.72@email.com,11920639323,Recife
Maria Rodrigues,maria.rodrigues.73@email.com,21957112672,Salvador
Ana Pereira,ana.pereira.74@email.com,51920437768,Salvador
Fernanda Pereira,fernanda.pereira.75@email.com,51985329928,Recife
Carlos Rodrigues,carlos.rodrigues.76@email.com,81943414310,Porto Alegre
Pedro Almeida,pedro.almeida.77@email.com,81977934884,Salvador
Ana Lima,ana.lima.78@email.com,71914551190,Manaus
Camila Santos,camila.santos.79@email.com,41991626753,Fortaleza
Camila Oliveira,camila.oliveira.80@email.com,41943380422,Fortaleza
Camila Pereira,camila.pereira.81@email.com,92931980552,Salvador
Fernanda Santos,fernanda.santos.82@email.com,31942669064,Manaus
Maria Souza,maria.souza.83@email.com,85977131680,Fortaleza
Fernanda Almeida,fernanda.almeida.84@email.com,31917430833,Fortaleza
Rafael Oliveira,rafael.oliveira.85@email.com,21920984661,Belo Horizonte
Camila Costa,camila.costa.86@email.com,92927524176,São Paulo
Lucas Pereira,lucas.pereira.87@email.com,71996411501,Belo Horizonte
Maria Almeida,maria.almeida.88@email.com,61947110126,Manaus
Ana Souza,ana.souza.89@email.com,85983682191,Recife
João Costa,joão.costa.90@email.com,61966471906,Porto Alegre
Pedro Nascimento,pedro.nascimento.91@email.com,81926311011,Belo Horizonte
Lucas Lima,lucas.lima.92@email.com,71949896774,Belo Horizonte
João Rodrigues,joão.rodrigues.93@email.com,81972843321,São Paulo
João Costa,joão.costa.94@email.com,71999927122,Salvador
Carlos Silva,carlos.silva.95@email.com,31942318887,Manaus
Julia Costa,julia.costa.96@email.com,85955508621,Brasília
Ana Costa,ana.costa.97@email.com,51966348838,Belo Horizonte
João Nascimento,joão.nascimento.98@email.com,71945583245,Curitiba
Pedro Lima,pedro.lima.99@email.com,92980551726,Curitiba
Pedro Santos,pedro.santos.100@email.com,41988234921,Rio de Janeiro
