nome,email,telefone,cidade
Camila Souza,camila.souza.1@email.com,11947945747,Belo Horizonte
Maria Oliveira,maria.oliveira.2@email.com,21981199480,São Paulo
Ana Rodrigues,ana.rodrigues.3@email.com,41943961993,Curitiba
Julia Souza,julia.souza.4@email.com,41999725303,Rio de Janeiro
Julia Silva,julia.silva.5@email.com,31928655666,Belo Horizonte
Fernanda Almeida,fernanda.almeida.6@email.com,41988060758,São Paulo
Maria Rodrigues,maria.rodrigues.7@email.com,31949182771,São Paulo
Fernanda Oliveira,fernanda.oliveira.8@email.com,21988931299,Belo Horizonte
Carlos Nascimento,carlos.nascimento.9@email.com,41923551446,São Paulo
João Pereira,joão.pereira.10@email.com,21992735019,Curitiba
Julia Santos,julia.santos.11@email.com,21952752929,Curitiba
Julia Santos,julia.santos.12@email.com,31949833714,Porto Alegre
Fernanda Rodrigues,fernanda.rodrigues.13@email.com,51993301791,Rio de Janeiro
Camila Nascimento,camila.nascimento.14@email.com,51919471364,Curitiba
Lucas Santos,lucas.santos.15@email.com,11944969396,Porto Alegre
João Souza,joão.souza.16@email.com,31914528588,Belo Horizonte
Maria Almeida,maria.almeida.17@email.com,21922437018,Porto Alegre
Ana Pereira,ana.pereira.18@email.com,31935973748,São Paulo
Julia Nascimento,julia.nascimento.19@email.com,31974439875,Porto Alegre
Ana Almeida,ana.almeida.20@email.com,11921773928,São Paulo
Rafael Pereira,rafael.pereira.21@email.com,31937391945,Curitiba
Lucas Souza,lucas.souza.22@email.com,21993355502,Curitiba
João Nascimento,joão.nascimento.23@email.com,41992232246,Curitiba
Ana Oliveira,ana.oliveira.24@email.com,11941992415,São Paulo
João Souza,joão.souza.25@email.com,41975136270,Porto Alegre
Pedro Souza,pedro.souza.26@email.com,41960980351,Porto Alegre
Julia Almeida,julia.almeida.27@email.com,21957402685,Curitiba
Rafael Santos,rafael.santos.28@email.com,51953110864,Curitiba
Pedro Silva,pedro.silva.29@email.com,51957492168,Porto Alegre
Pedro Pereira,pedro.pereira.30@email.com,41990531218,Porto Alegre
João Santos,joão.santos.31@email.com,31930193390,São Paulo
João Santos,joão.santos.32@email.com,31948054799,São Paulo
Ana Almeida,ana.almeida.33@email.com,21950784441,Rio de Janeiro
Maria Oliveira,maria.oliveira.34@email.com,51977783023,Belo Horizonte
Camila Almeida,camila.almeida.35@email.com,51936621786,São Paulo
Carlos Costa,carlos.costa.36@email.com,51968500939,Belo Horizonte
Rafael Silva,rafael.silva.37@email.com,11949536419,São Paulo
João Costa,joão.costa.38@email.com,51974099880,Belo Horizonte
Fernanda Pereira,fernanda.pereira.39@email.com,21922893176,Belo Horizonte
Pedro Oliveira,pedro.oliveira.40@email.com,21979943575,Rio de Janeiro
Ana Souza,ana.souza.41@email.com,31978639611,Rio de Janeiro
Lucas Pereira,lucas.pereira.42@email.com,11977779672,Rio de Janeiro
Lucas Lima,lucas.lima.43@email.com,11962396994,Curitiba
Julia Almeida,julia.almeida.44@email.com,51977015290,Curitiba
Lucas Santos,lucas.santos.45@email.com,11992751142,Belo Horizonte
Fernanda Oliveira,fernanda.oliveira.46@email.com,31997876875,São Paulo
Fernanda Santos,fernanda.santos.47@email.com,51919673762,Belo Horizonte
Ana Almeida,ana.almeida.48@email.com,51938946078,São Paulo
Julia Rodrigues,julia.rodrigues.49@email.com,51974153134,Rio de Janeiro
João Santos,joão.santos.50@email.com,11911519776,Rio de Janeiro
Julia Nascimento,julia.nascimento.51@email.com,21944834202,Belo Horizonte
Camila Silva,camila.silva.52@email.com,41966735354,Porto Alegre
Lucas Rodrigues,lucas.rodrigues.53@email.com,41986976834,Rio de Janeiro
Carlos Almeida,carlos.almeida.54@email.com,31940085049,Belo Horizonte
Rafael Oliveira,rafael.oliveira.55@email.com,51922226732,Belo Horizonte
Maria Souza,maria.souza.56@email.com,11991900943,Curitiba
Camila Nascimento,camila.nascimento.57@email.com,31985263601,Curitiba
Rafael Souza,rafael.souza.58@email.com,41978125164,Belo Horizonte
Camila Lima,camila.lima.59@email.com,21925062738,Belo Horizonte
Ana Lima,ana.lima.60@email.com,51953235955,São Paulo
Lucas Santos,lucas.santos.61@email.com,11995166159,Curitiba
Ana Rodrigues,ana.rodrigues.62@email.com,31914568998,Rio de Janeiro
Pedro Lima,pedro.lima.63@email.com,51957218925,Rio de Janeiro
Julia Santos,julia.santos.64@email.com,11998693713,Porto Alegre
Maria Lima,maria.lima.65@email.com,31952132937,Porto Alegre
Carlos Nascimento,carlos.nascimento.66@email.com,51982496138,Belo Horizonte
Ana Pereira,ana.pereira.67@email.com,21996641353,Belo Horizonte
Lucas Nascimento,lucas.nascimento.68@email.com,11980781819,Porto Alegre
Carlos Nascimento,carlos.nascimento.69@email.com,21989459638,Rio de Janeiro
Maria Souza,maria.souza.70@email.com,41938578400,Porto Alegre
Fernanda Silva,fernanda.silva.71@email.com,41952653507,Curitiba
Maria Costa,maria.costa.72@email.com,11969865868,Porto Alegre
Julia Costa,julia.costa.73@email.com,21921936325,Rio de Janeiro
Lucas Pereira,lucas.pereira.74@email.com,11910270370,Belo Horizonte
Pedro Almeida,pedro.almeida.75@email.com,21930054454,Curitiba
Pedro Souza,pedro.souza.76@email.com,21934310810,Rio de Janeiro
Fernanda Oliveira,fernanda.oliveira.77@email.com,41989939814,Porto Alegre
Maria Santos,maria.santos.78@email.com,11917047474,Curitiba
Rafael Oliveira,rafael.oliveira.79@email.com,11972139992,São Paulo
Julia Rodrigues,julia.rodrigues.80@email.com,21959902301,Belo Horizonte
Fernanda Silva,fernanda.silva.81@email.com,11986242563,Curitiba
Julia Oliveira,julia.oliveira.82@email.com,41952281734,Rio de Janeiro
Maria Pereira,maria.pereira.83@email.com,11972551558,Rio de Janeiro
Camila Silva,camila.silva.84@email.com,11977824832,Belo Horizonte
Maria Silva,maria.silva.85@email.com,41993619804,Rio de Janeiro
Carlos Costa,carlos.costa.86@email.com,41950004620,Porto Alegre
Pedro Silva,pedro.silva.87@email.com,41957358780,Belo Horizonte
Pedro Souza,pedro.souza.88@email.com,51982743545,Porto Alegre
Ana Santos,ana.santos.89@email.com,31916399011,Curitiba
Pedro Nascimento,pedro.nascimento.90@email.com,21978826340,Curitiba
Pedro Oliveira,pedro.oliveira.91@email.com,31964857770,Porto Alegre
Carlos Nascimento,carlos.nascimento.92@email.com,11987761088,Rio de Janeiro
Carlos Souza,carlos.souza.93@email.com,11959371750,Belo Horizonte
Carlos Santos,carlos.santos.94@email.com,51992413886,Curitiba
Pedro Almeida,pedro.almeida.95@email.com,21992772234,Belo Horizonte
Rafael Oliveira,rafael.oliveira.96@email.com,31955089202,São Paulo
Pedro Souza,pedro.souza.97@email.com,21991559573,Curitiba
Fernanda Silva,fernanda.silva.98@email.com,11995004608,Rio de Janeiro
Carlos Silva,carlos.silva.99@email.com,11936303411,Porto Alegre
Pedro Souza,pedro.souza.100@email.com,11984542707,Porto Alegre
Camila Souza,camila.souza.101@email.com,11930076551,São Paulo
João Rodrigues,joão.rodrigues.102@email.com,31933789724,Rio de Janeiro
Camila Lima,camila.lima.103@email.com,51996502378,São Paulo
João Oliveira,joão.oliveira.104@email.com,11920025867,Porto Alegre
Ana Lima,ana.lima.105@email.com,41965290760,Rio de Janeiro
Lucas Rodrigues,lucas.rodrigues.106@email.com,21987302322,Rio de Janeiro
Ana Pereira,ana.pereira.107@email.com,11931610429,Curitiba
Maria Nascimento,maria.nascimento.108@email.com,41941734323,Porto Alegre
Carlos Nascimento,carlos.nascimento.109@email.com,51974084463,Belo Horizonte
Camila Silva,camila.silva.110@email.com,21959586174,Belo Horizonte
Rafael Santos,rafael.santos.111@email.com,51957056095,Curitiba
João Lima,joão.lima.112@email.com,31962662059,Rio de Janeiro
Pedro Rodrigues,pedro.rodrigues.113@email.com,51941137636,Curitiba
João Santos,joão.santos.114@email.com,11988986036,Rio de Janeiro
Fernanda Oliveira,fernanda.oliveira.115@email.com,11911887529,Rio de Janeiro
Camila Lima,camila.lima.116@email.com,21974830855,Curitiba
Ana Santos,ana.santos.117@email.com,11922590308,Belo Horizonte
Maria Nascimento,maria.nascimento.118@email.com,41979551621,São Paulo
João Nascimento,joão.nascimento.119@email.com,31943647530,São Paulo
Fernanda Oliveira,fernanda.oliveira.120@email.com,51998549074,Porto Alegre
Ana Rodrigues,ana.rodrigues.121@email.com,51917046915,São Paulo
Lucas Rodrigues,lucas.rodrigues.122@email.com,31969249260,Belo Horizonte
João Silva,joão.silva.123@email.com,21928161122,Curitiba
Carlos Silva,carlos.silva.124@email.com,31936298295,São Paulo
Ana Nascimento,ana.nascimento.125@email.com,21931283681,São Paulo
Maria Lima,maria.lima.126@email.com,41928368647,Belo Horizonte
Julia Silva,julia.silva.127@email.com,31959415579,Porto Alegre
João Almeida,joão.almeida.128@email.com,41953658969,São Paulo
Lucas Silva,lucas.silva.129@email.com,11963835618,Porto Alegre
João Oliveira,joão.oliveira.130@email.com,41932032160,Rio de Janeiro
João Costa,joão.costa.131@email.com,41954332116,São Paulo
Pedro Pereira,pedro.pereira.132@email.com,31978111240,São Paulo
Fernanda Lima,fernanda.lima.133@email.com,31945162746,São Paulo
Ana Costa,ana.costa.134@email.com,31963045915,Curitiba
João Oliveira,joão.oliveira.135@email.com,41949874824,São Paulo
Rafael Nascimento,rafael.nascimento.136@email.com,31995462857,Curitiba
Ana Costa,ana.costa.137@email.com,51994125386,Curitiba
Camila Lima,camila.lima.138@email.com,11947393017,São Paulo
Rafael Lima,rafael.lima.139@email.com,21974319446,Rio de Janeiro
Maria Santos,maria.santos.140@email.com,11963904570,Porto Alegre
Julia Costa,julia.costa.141@email.com,41945305730,Belo Horizonte
João Costa,joão.costa.142@email.com,51982879042,São Paulo
Fernanda Costa,fernanda.costa.143@email.com,51992915854,Rio de Janeiro
Carlos Souza,carlos.souza.144@email.com,51968210908,Rio de Janeiro
Julia Pereira,julia.pereira.145@email.com,31918730629,Belo Horizonte
Rafael Silva,rafael.silva.146@email.com,51926642523,Belo Horizonte
Carlos Nascimento,carlos.nascimento.147@email.com,11937529629,Porto Alegre
Pedro Souza,pedro.souza.148@email.com,11910693794,Porto Alegre
Carlos Lima,carlos.lima.149@email.com,51929485514,Belo Horizonte
Maria Almeida,maria.almeida.150@email.com,11968586408,Rio de Janeiro
Fernanda Almeida,fernanda.almeida.151@email.com,51943666813,São Paulo
Julia Nascimento,julia.nascimento.152@email.com,41974927640,São Paulo
Rafael Nascimento,rafael.nascimento.153@email.com,51992029053,São Paulo
Carlos Silva,carlos.silva.154@email.com,11945028906,São Paulo
Lucas Almeida,lucas.almeida.155@email.com,41999428431,Rio de Janeiro
Julia Santos,julia.santos.156@email.com,51910765782,Curitiba
Lucas Costa,lucas.costa.157@email.com,31939213680,Belo Horizonte
Camila Silva,camila.silva.158@email.com,21917609067,Belo Horizonte
João Lima,joão.lima.159@email.com,21975046105,Curitiba
Maria Costa,maria.costa.160@email.com,51968764747,São Paulo
Camila Silva,camila.silva.161@email.com,51988511925,Curitiba
Maria Souza,maria.souza.162@email.com,51998421933,Curitiba
Julia Rodrigues,julia.rodrigues.163@email.com,31924031247,Rio de Janeiro
Maria Souza,maria.souza.164@email.com,41958340696,São Paulo
Lucas Oliveira,lucas.oliveira.165@email.com,11943826097,Curitiba
Rafael Almeida,rafael.almeida.166@email.com,21989345899,Porto Alegre
Camila Pereira,camila.pereira.167@email.com,31973791975,Rio de Janeiro
Camila Oliveira,camila.oliveira.168@email.com,41940783469,Belo Horizonte
Camila Oliveira,camila.oliveira.169@email.com,21940010407,Rio de Janeiro
Carlos Almeida,carlos.almeida.170@email.com,41911215051,Curitiba
Ana Lima,ana.lima.171@email.com,51974838145,Belo Horizonte
João Souza,joão.souza.172@email.com,11931540303,Porto Alegre
Rafael Silva,rafael.silva.173@email.com,21919179826,São Paulo
Julia Nascimento,julia.nascimento.174@email.com,11991549640,Porto Alegre
Carlos Almeida,carlos.almeida.175@email.com,41974831839,Belo Horizonte
Pedro Costa,pedro.costa.176@email.com,31942491593,Rio de Janeiro
Julia Santos,julia.santos.177@email.com,31976959599,Rio de Janeiro
Pedro Silva,pedro.silva.178@email.com,41939278460,Rio de Janeiro
Ana Santos,ana.santos.179@email.com,41921556882,Curitiba
Rafael Pereira,rafael.pereira.180@email.com,41941095578,Porto Alegre
Carlos Nascimento,carlos.nascimento.181@email.com,51915788255,Rio de Janeiro
João Costa,joão.costa.182@email.com,41915292966,Rio de Janeiro
Julia Pereira,julia.pereira.183@email.com,41926825685,São Paulo
Lucas Souza,lucas.souza.184@email.com,51959854866,Curitiba
Rafael Silva,rafael.silva.185@email.com,41979420758,São Paulo
Camila Silva,camila.silva.186@email.com,11938994672,Belo Horizonte
Lucas Pereira,lucas.pereira.187@email.com,41970933265,Rio de Janeiro
Maria Souza,maria.souza.188@email.com,21964854600,Porto Alegre
Rafael Pereira,rafael.pereira.189@email.com,21926261500,Belo Horizonte
Ana Oliveira,ana.oliveira.190@email.com,21978853980,São Paulo
Rafael Santos,rafael.santos.191@email.com,51986989906,Rio de Janeiro
Rafael Oliveira,rafael.oliveira.192@email.com,51967013736,Belo Horizonte
Carlos Silva,carlos.silva.193@email.com,41914358956,Curitiba
Julia Costa,julia.costa.194@email.com,41972733781,Rio de Janeiro
Fernanda Oliveira,fernanda.oliveira.195@email.com,51916165889,Curitiba
Rafael Silva,rafael.silva.196@email.com,11994942246,Rio de Janeiro
João Silva,joão.silva.197@email.com,11916901960,Curitiba
João Oliveira,joão.oliveira.198@email.com,21926934630,Porto Alegre
Julia Souza,julia.souza.199@email.com,51983870542,Belo Horizonte
Carlos Lima,carlos.lima.200@email.com,41987209391,Rio de Janeiro
Maria Lima,maria.lima.201@email.com,31966738661,Rio de Janeiro
Carlos Rodrigues,carlos.rodrigues.202@email.com,41942501041,Curitiba
Maria Souza,maria.souza.203@email.com,11925639686,Curitiba
Carlos Silva,carlos.silva.204@email.com,11975329619,Belo Horizonte
Camila Lima,camila.lima.205@email.com,11937357889,Rio de Janeiro
Lucas Santos,lucas.santos.206@email.com,11935202329,São Paulo
Julia Santos,julia.santos.207@email.com,51948646982,São Paulo
João Lima,joão.lima.208@email.com,11944382348,Porto Alegre
Camila Silva,camila.silva.209@email.com,31988650415,São Paulo
Lucas Rodrigues,lucas.rodrigues.210@email.com,31948253714,São Paulo
Ana Rodrigues,ana.rodrigues.211@email.com,31916307251,Curitiba
Ana Souza,ana.souza.212@email.com,21947393391,Rio de Janeiro
Julia Rodrigues,julia.rodrigues.213@email.com,21916482515,Rio de Janeiro
Ana Souza,ana.souza.214@email.com,11948993119,Rio de Janeiro
Maria Souza,maria.souza.215@email.com,41918529583,São Paulo
Julia Oliveira,julia.oliveira.216@email.com,31976208532,Curitiba
Ana Lima,ana.lima.217@email.com,51927250360,Rio de Janeiro
Ana Souza,ana.souza.218@email.com,11951285212,São Paulo
Camila Santos,camila.santos.219@email.com,41979387958,São Paulo
Lucas Oliveira,lucas.oliveira.220@email.com,51967744324,Porto Alegre
Rafael Oliveira,rafael.oliveira.221@email.com,31942523879,Belo Horizonte
Pedro Almeida,pedro.almeida.222@email.com,31997731376,Porto Alegre
Julia Costa,julia.costa.223@email.com,31993176371,Curitiba
Maria Silva,maria.silva.224@email.com,11951824845,Rio de Janeiro
Carlos Almeida,carlos.almeida.225@email.com,51984207872,Curitiba
Ana Pereira,ana.pereira.226@email.com,11997271221,São Paulo
Carlos Nascimento,carlos.nascimento.227@email.com,51940589523,Rio de Janeiro
Camila Costa,camila.costa.228@email.com,31915017200,Belo Horizonte
Fernanda Santos,fernanda.santos.229@email.com,51956783224,Curitiba
Ana Santos,ana.santos.230@email.com,11987662683,Porto Alegre
Camila Costa,camila.costa.231@email.com,11939249505,Porto Alegre
Fernanda Rodrigues,fernanda.rodrigues.232@email.com,51986078557,Curitiba
Rafael Souza,rafael.souza.233@email.com,31932624798,Porto Alegre
Fernanda Costa,fernanda.costa.234@email.com,41946793132,São Paulo
Maria Oliveira,maria.oliveira.235@email.com,21913275922,Belo Horizonte
Maria Oliveira,maria.oliveira.236@email.com,31921259493,Porto Alegre
Ana Souza,ana.souza.237@email.com,21932339044,Curitiba
Rafael Costa,rafael.costa.238@email.com,21921765669,São Paulo
Rafael Souza,rafael.souza.239@email.com,41933010786,Rio de Janeiro
Maria Oliveira,maria.oliveira.240@email.com,41943172878,Curitiba
Ana Silva,ana.silva.241@email.com,11969270774,São Paulo
Ana Silva,ana.silva.242@email.com,51919924631,Rio de Janeiro
Fernanda Oliveira,fernanda.oliveira.243@email.com,31951553503,Rio de Janeiro
Rafael Nascimento,rafael.nascimento.244@email.com,31981719891,Curitiba
Fernanda Oliveira,fernanda.oliveira.245@email.com,11948472342,Belo Horizonte
Lucas Pereira,lucas.pereira.246@email.com,51972087789,São Paulo
Maria Costa,maria.costa.247@email.com,21939029336,Belo Horizonte
Fernanda Silva,fernanda.silva.248@email.com,11931904547,Curitiba
João Pereira,joão.pereira.249@email.com,51930539821,Rio de Janeiro
Carlos Costa,carlos.costa.250@email.com,51924646050,Belo Horizonte
Rafael Lima,rafael.lima.251@email.com,11982073075,Porto Alegre
Ana Almeida,ana.almeida.252@email.com,41995520048,São Paulo
João Costa,joão.costa.253@email.com,51957485604,Rio de Janeiro
Ana Pereira,ana.pereira.254@email.com,41943267632,Curitiba
Lucas Nascimento,lucas.nascimento.255@email.com,51957264236,Belo Horizonte
Lucas Santos,lucas.santos.256@email.com,11978470267,Rio de Janeiro
Julia Santos,julia.santos.257@email.com,21966221241,Belo Horizonte
Maria Silva,maria.silva.258@email.com,11946831199,São Paulo
Pedro Oliveira,pedro.oliveira.259@email.com,21924243888,São Paulo
Maria Oliveira,maria.oliveira.260@email.com,31969001190,Rio de Janeiro
Ana Almeida,ana.almeida.261@email.com,51966937105,São Paulo
Pedro Rodrigues,pedro.rodrigues.262@email.com,21957922207,Belo Horizonte
Maria Costa,maria.costa.263@email.com,11959415915,Rio de Janeiro
Ana Costa,ana.costa.264@email.com,51921684197,São Paulo
Maria Pereira,maria.pereira.265@email.com,51970150053,São Paulo
Fernanda Nascimento,fernanda.nascimento.266@email.com,51995536840,Curitiba
Rafael Souza,rafael.souza.267@email.com,21998053466,Belo Horizonte
Pedro Pereira,pedro.pereira.268@email.com,11988037908,Rio de Janeiro
Fernanda Silva,fernanda.silva.269@email.com,41962700822,Porto Alegre
Julia Rodrigues,julia.rodrigues.270@email.com,11998368899,São Paulo
Rafael Almeida,rafael.almeida.271@email.com,51966577657,Curitiba
Lucas Souza,lucas.souza.272@email.com,31919127802,Porto Alegre
Julia Souza,julia.souza.273@email.com,11982139882,Porto Alegre
Julia Oliveira,julia.oliveira.274@email.com,41914735239,São Paulo
Maria Silva,maria.silva.275@email.com,21977950271,Belo Horizonte
Lucas Nascimento,lucas.nascimento.276@email.com,31978354243,São Paulo
Ana Pereira,ana.pereira.277@email.com,41964402226,São Paulo
Lucas Almeida,lucas.almeida.278@email.com,11977023077,São Paulo
Camila Silva,camila.silva.279@email.com,21975781011,Rio de Janeiro
Fernanda Nascimento,fernanda.nascimento.280@email.com,31941320539,Rio de Janeiro
Fernanda Rodrigues,fernanda.rodrigues.281@email.com,21922326100,Belo Horizonte
Pedro Souza,pedro.souza.282@email.com,51991877125,Rio de Janeiro
Ana Rodrigues,ana.rodrigues.283@email.com,21957236070,Porto Alegre
João Souza,joão.souza.284@email.com,31928684468,Curitiba
Ana Silva,ana.silva.285@email.com,31921469554,São Paulo
Rafael Souza,rafael.souza.286@email.com,11986836453,Belo Horizonte
Pedro Nascimento,pedro.nascimento.287@email.com,21938701438,São Paulo
Rafael Souza,rafael.souza.288@email.com,31978106453,São Paulo
Julia Costa,julia.costa.289@email.com,51985551842,Curitiba
João Costa,joão.costa.290@email.com,41913770468,Rio de Janeiro
Fernanda Pereira,fernanda.pereira.291@email.com,51919253319,São Paulo
Carlos Rodrigues,carlos.rodrigues.292@email.com,51916947159,Curitiba
Fernanda Silva,fernanda.silva.293@email.com,31952193655,Porto Alegre
João Costa,joão.costa.294@email.com,11951314343,São Paulo
Camila Costa,camila.costa.295@email.com,51945982123,Curitiba
Camila Santos,camila.santos.296@email.com,41987137879,São Paulo
Carlos Nascimento,carlos.nascimento.297@email.com,51910436057,Belo Horizonte
Rafael Rodrigues,rafael.rodrigues.298@email.com,41950120792,Rio de Janeiro
Julia Lima,julia.lima.299@email.com,11926248452,Belo Horizonte
Carlos Santos,carlos.santos.300@email.com,41925430818,Curitiba
Pedro Santos,pedro.santos.301@email.com,21986065295,Rio de Janeiro
Rafael Oliveira,rafael.oliveira.302@email.com,11912283730,Curitiba
Lucas Rodrigues,lucas.rodrigues.303@email.com,51926487432,Curitiba
Julia Rodrigues,julia.rodrigues.304@email.com,41923860943,Curitiba
Fernanda Costa,fernanda.costa.305@email.com,51978646856,Belo Horizonte
Carlos Pereira,carlos.pereira.306@email.com,41989367961,São Paulo
Julia Pereira,julia.pereira.307@email.com,31964156721,Porto Alegre
Ana Oliveira,ana.oliveira.308@email.com,21963165490,Belo Horizonte
Julia Oliveira,julia.oliveira.309@email.com,21997326731,São Paulo
João Rodrigues,joão.rodrigues.310@email.com,21998903576,Curitiba
Julia Santos,julia.santos.311@email.com,11965916644,Rio de Janeiro
Ana Lima,ana.lima.312@email.com,41922740477,Curitiba
Lucas Oliveira,lucas.oliveira.313@email.com,51972858864,Curitiba
Ana Santos,ana.santos.314@email.com,51987300459,Curitiba
Pedro Costa,pedro.costa.315@email.com,31927221885,Curitiba
Carlos Souza,carlos.souza.316@email.com,41916199228,Porto Alegre
Camila Souza,camila.souza.317@email.com,21998425801,Curitiba
Maria Lima,maria.lima.318@email.com,41974141924,Belo Horizonte
Julia Oliveira,julia.oliveira.319@email.com,51922221248,Porto Alegre
João Rodrigues,joão.rodrigues.320@email.com,41932055791,Rio de Janeiro
Fernanda Costa,fernanda.costa.321@email.com,21990264686,Rio de Janeiro
Maria Rodrigues,maria.rodrigues.322@email.com,51962156982,São Paulo
Camila Rodrigues,camila.rodrigues.323@email.com,31935555481,Porto Alegre
Rafael Souza,rafael.souza.324@email.com,51986528438,Porto Alegre
Maria Costa,maria.costa.325@email.com,51946167200,Rio de Janeiro
Lucas Rodrigues,lucas.rodrigues.326@email.com,11984666531,São Paulo
Camila Almeida,camila.almeida.327@email.com,51929839035,Rio de Janeiro
Pedro Oliveira,pedro.oliveira.328@email.com,51966646910,Belo Horizonte
João Rodrigues,joão.rodrigues.329@email.com,41995924849,Porto Alegre
Maria Nascimento,maria.nascimento.330@email.com,31987976236,Porto Alegre
Pedro Oliveira,pedro.oliveira.331@email.com,21982818676,São Paulo
João Santos,joão.santos.332@email.com,31918697012,Belo Horizonte
Ana Almeida,ana.almeida.333@email.com,31946246981,Curitiba
Camila Nascimento,camila.nascimento.334@email.com,21915431141,São Paulo
João Rodrigues,joão.rodrigues.335@email.com,51981544217,Curitiba
Fernanda Silva,fernanda.silva.336@email.com,51996340626,Curitiba
Maria Almeida,maria.almeida.337@email.com,21943878353,Curitiba
Camila Pereira,camila.pereira.338@email.com,21996882859,Belo Horizonte
Pedro Nascimento,pedro.nascimento.339@email.com,31978895303,Rio de Janeiro
Lucas Rodrigues,lucas.rodrigues.340@email.com,41951750624,São Paulo
João Nascimento,joão.nascimento.341@email.com,31910111516,São Paulo
Fernanda Souza,fernanda.souza.342@email.com,31976318445,Rio de Janeiro
Lucas Rodrigues,lucas.rodrigues.343@email.com,51950520483,Porto Alegre
João Oliveira,joão.oliveira.344@email.com,11993746951,Porto Alegre
João Nascimento,joão.nascimento.345@email.com,51969398958,Curitiba
Pedro Lima,pedro.lima.346@email.com,21965990691,São Paulo
Carlos Souza,carlos.souza.347@email.com,41990117592,Belo Horizonte
Fernanda Silva,fernanda.silva.348@email.com,21933080836,São Paulo
Julia Pereira,julia.pereira.349@email.com,41919513486,Belo Horizonte
João Costa,joão.costa.350@email.com,21949581766,Porto Alegre
Fernanda Souza,fernanda.souza.351@email.com,31962925069,Rio de Janeiro
Ana Oliveira,ana.oliveira.352@email.com,51995122982,Belo Horizonte
Fernanda Santos,fernanda.santos.353@email.com,41985710629,São Paulo
Rafael Costa,rafael.costa.354@email.com,51985698221,São Paulo
Pedro Souza,pedro.souza.355@email.com,11975774815,Belo Horizonte
João Lima,joão.lima.356@email.com,41986939384,São Paulo
Rafael Souza,rafael.souza.357@email.com,31982232192,Porto Alegre
Fernanda Santos,fernanda.santos.358@email.com,51967799784,São Paulo
Julia Costa,julia.costa.359@email.com,41986127436,Rio de Janeiro
Carlos Almeida,carlos.almeida.360@email.com,41920144089,Rio de Janeiro
Ana Pereira,ana.pereira.361@email.com,31936149293,Porto Alegre
Ana Oliveira,ana.oliveira.362@email.com,51956859909,Belo Horizonte
Lucas Lima,lucas.lima.363@email.com,21945441525,Porto Alegre
Rafael Almeida,rafael.almeida.364@email.com,21914384568,Belo Horizonte
Maria Santos,maria.santos.365@email.com,31940649765,Curitiba
Carlos Pereira,carlos.pereira.366@email.com,41952790060,Porto Alegre
Julia Almeida,julia.almeida.367@email.com,11925977277,Porto Alegre
Maria Souza,maria.souza.368@email.com,11993211901,São Paulo
Carlos Costa,carlos.costa.369@email.com,11971052867,Curitiba
Maria Rodrigues,maria.rodrigues.370@email.com,11987139474,Rio de Janeiro
Fernanda Santos,fernanda.santos.371@email.com,41910409795,Curitiba
João Santos,joão.santos.372@email.com,11977321157,Rio de Janeiro
Julia Silva,julia.silva.373@email.com,11941837576,Curitiba
Ana Silva,ana.silva.374@email.com,31988911786,São Paulo
João Lima,joão.lima.375@email.com,21969470679,Belo Horizonte
Fernanda Nascimento,fernanda.nascimento.376@email.com,31993140020,São Paulo
Julia Nascimento,julia.nascimento.377@email.com,41938348219,São Paulo
Pedro Santos,pedro.santos.378@email.com,11914018511,São Paulo
Maria Oliveira,maria.oliveira.379@email.com,21990091938,Curitiba
Fernanda Oliveira,fernanda.oliveira.380@email.com,21965580286,Porto Alegre
Carlos Nascimento,carlos.nascimento.381@email.com,51943698771,São Paulo
Fernanda Silva,fernanda.silva.382@email.com,31984727024,Porto Alegre
João Oliveira,joão.oliveira.383@email.com,31922467270,Belo Horizonte
Julia Costa,julia.costa.384@email.com,31956009216,Curitiba
Julia Pereira,julia.pereira.385@email.com,21996386245,Curitiba
João Santos,joão.santos.386@email.com,11978364505,Belo Horizonte
Carlos Silva,carlos.silva.387@email.com,21944794128,São Paulo
Fernanda Lima,fernanda.lima.388@email.com,11998431151,Rio de Janeiro
João Souza,joão.souza.389@email.com,31946765943,Belo Horizonte
João Lima,joão.lima.390@email.com,41971539081,Curitiba
Lucas Costa,lucas.costa.391@email.com,41943739751,Porto Alegre
João Souza,joão.souza.392@email.com,21975871548,Curitiba
Julia Almeida,julia.almeida.393@email.com,21948902995,Rio de Janeiro
Camila Lima,camila.lima.394@email.com,11915166516,Belo Horizonte
Maria Oliveira,maria.oliveira.395@email.com,41942415383,Curitiba
Rafael Nascimento,rafael.nascimento.396@email.com,51998871008,Belo Horizonte
Pedro Costa,pedro.costa.397@email.com,51929905150,São Paulo
Rafael Almeida,rafael.almeida.398@email.com,51945817672,Curitiba
Pedro Rodrigues,pedro.rodrigues.399@email.com,41939392586,Rio de Janeiro
Fernanda Lima,fernanda.lima.400@email.com,11991393370,Belo Horizonte
Julia Silva,julia.silva.401@email.com,31931043747,Rio de Janeiro
Maria Santos,maria.santos.402@email.com,31943490995,Rio de Janeiro
Maria Silva,maria.silva.403@email.com,21983112068,Belo Horizonte
Rafael Souza,rafael.souza.404@email.com,51944903456,São Paulo
Julia Silva,julia.silva.405@email.com,51986207863,Curitiba
Lucas Nascimento,lucas.nascimento.406@email.com,51929717565,Rio de Janeiro
Fernanda Lima,fernanda.lima.407@email.com,31950767698,Curitiba
Ana Souza,ana.souza.408@email.com,31980764864,Curitiba
João Souza,joão.souza.409@email.com,41969176676,Porto Alegre
Julia Pereira,julia.pereira.410@email.com,11934705722,São Paulo
Maria Costa,maria.costa.411@email.com,51918232682,Porto Alegre
Pedro Nascimento,pedro.nascimento.412@email.com,21927190997,Belo Horizonte
Lucas Costa,lucas.costa.413@email.com,31968763646,São Paulo
Ana Santos,ana.santos.414@email.com,11991338261,Rio de Janeiro
Rafael Nascimento,rafael.nascimento.415@email.com,21994174582,Rio de Janeiro
Fernanda Silva,fernanda.silva.416@email.com,41987761523,São Paulo
Julia Souza,julia.souza.417@email.com,51945739735,São Paulo
Camila Souza,camila.souza.418@email.com,21958129804,Belo Horizonte
Julia Costa,julia.costa.419@email.com,31988845146,Rio de Janeiro
Julia Oliveira,julia.oliveira.420@email.com,31947688778,São Paulo
Fernanda Pereira,fernanda.pereira.421@email.com,41956101285,Belo Horizonte
Carlos Costa,carlos.costa.422@email.com,11992767185,Belo Horizonte
Maria Rodrigues,maria.rodrigues.423@email.com,11943118637,São Paulo
João Santos,joão.santos.424@email.com,41980232020,Curitiba
Lucas Lima,lucas.lima.425@email.com,11929733055,Rio de Janeiro
Carlos Santos,carlos.santos.426@email.com,41917751826,São Paulo
Maria Almeida,maria.almeida.427@email.com,31933565106,São Paulo
Camila Nascimento,camila.nascimento.428@email.com,11967078924,Porto Alegre
Rafael Nascimento,rafael.nascimento.429@email.com,31918246911,Curitiba
Ana Almeida,ana.almeida.430@email.com,21918565381,Rio de Janeiro
Lucas Santos,lucas.santos.431@email.com,21975809398,Porto Alegre
Fernanda Silva,fernanda.silva.432@email.com,51973888977,Belo Horizonte
Rafael Rodrigues,rafael.rodrigues.433@email.com,51971421778,Belo Horizonte
Ana Santos,ana.santos.434@email.com,21965436121,Rio de Janeiro
João Lima,joão.lima.435@email.com,21915393439,Porto Alegre
Pedro Rodrigues,pedro.rodrigues.436@email.com,51926802559,Porto Alegre
Camila Santos,camila.santos.437@email.com,31985291548,Porto Alegre
Pedro Souza,pedro.souza.438@email.com,31934985581,Porto Alegre
Camila Silva,camila.silva.439@email.com,11957808606,Curitiba
Pedro Souza,pedro.souza.440@email.com,51917737426,Rio de Janeiro
Ana Almeida,ana.almeida.441@email.com,41970383759,Rio de Janeiro
Fernanda Rodrigues,fernanda.rodrigues.442@email.com,11990679736,São Paulo
Julia Santos,julia.santos.443@email.com,31936713554,Rio de Janeiro
Rafael Oliveira,rafael.oliveira.444@email.com,41961833681,Belo Horizonte
Pedro Oliveira,pedro.oliveira.445@email.com,41972229608,Rio de Janeiro
Julia Nascimento,julia.nascimento.446@email.com,41950489711,Rio de Janeiro
Camila Pereira,camila.pereira.447@email.com,11997661419,Curitiba
Lucas Costa,lucas.costa.448@email.com,31922550800,Rio de Janeiro
Maria Souza,maria.souza.449@email.com,11974934923,Rio de Janeiro
Lucas Souza,lucas.souza.450@email.com,51987869794,Rio de Janeiro
Carlos Lima,carlos.lima.451@email.com,11950609753,São Paulo
Camila Rodrigues,camila.rodrigues.452@email.com,11985580018,São Paulo
Carlos Pereira,carlos.pereira.453@email.com,51973021102,Curitiba
Fernanda Costa,fernanda.costa.454@email.com,21926317269,Porto Alegre
Rafael Oliveira,rafael.oliveira.455@email.com,41922692507,Porto Alegre
Julia Pereira,julia.pereira.456@email.com,41938345214,Rio de Janeiro
Pedro Lima,pedro.lima.457@email.com,21936663459,Curitiba
Rafael Costa,rafael.costa.458@email.com,21934572412,Belo Horizonte
João Nascimento,joão.nascimento.459@email.com,41960792625,Rio de Janeiro
Lucas Oliveira,lucas.oliveira.460@email.com,11983715137,São Paulo
João Almeida,joão.almeida.461@email.com,21991352441,Curitiba
Fernanda Santos,fernanda.santos.462@email.com,51991219470,Belo Horizonte
Rafael Lima,rafael.lima.463@email.com,21948915487,Porto Alegre
João Nascimento,joão.nascimento.464@email.com,21972891699,Curitiba
Carlos Almeida,carlos.almeida.465@email.com,51917159518,Rio de Janeiro
Pedro Oliveira,pedro.oliveira.466@email.com,51948431639,São Paulo
Maria Costa,maria.costa.467@email.com,11980171378,Porto Alegre
Fernanda Souza,fernanda.souza.468@email.com,41954525533,Porto Alegre
Lucas Nascimento,lucas.nascimento.469@email.com,21944427980,Porto Alegre
Carlos Nascimento,carlos.nascimento.470@email.com,11912929750,Belo Horizonte
Pedro Pereira,pedro.pereira.471@email.com,21998493601,Porto Alegre
Julia Santos,julia.santos.472@email.com,21988894722,Porto Alegre
Julia Almeida,julia.almeida.473@email.com,41960784080,Rio de Janeiro
Camila Lima,camila.lima.474@email.com,11914604989,Rio de Janeiro
Camila Oliveira,camila.oliveira.475@email.com,11928225114,São Paulo
Pedro Pereira,pedro.pereira.476@email.com,51960407179,Porto Alegre
Julia Oliveira,julia.oliveira.477@email.com,31994324730,Rio de Janeiro
Camila Nascimento,camila.nascimento.478@email.com,21932348532,Porto Alegre
Camila Silva,camila.silva.479@email.com,51938439105,São Paulo
João Souza,joão.souza.480@email.com,31987001136,Rio de Janeiro
Camila Costa,camila.costa.481@email.com,11959901780,Rio de Janeiro
Ana Rodrigues,ana.rodrigues.482@email.com,51936524605,Rio de Janeiro
Lucas Costa,lucas.costa.483@email.com,21932591657,Porto Alegre
Julia Nascimento,julia.nascimento.484@email.com,41969339546,Belo Horizonte
Julia Lima,julia.lima.485@email.com,51975983092,São Paulo
Fernanda Almeida,fernanda.almeida.486@email.com,51919966029,Porto Alegre
Maria Oliveira,maria.oliveira.487@email.com,31975955082,São Paulo
Rafael Costa,rafael.costa.488@email.com,41942057819,São Paulo
Pedro Almeida,pedro.almeida.489@email.com,11969622569,Porto Alegre
Julia Almeida,julia.almeida.490@email.com,31964934435,Rio de Janeiro
Ana Oliveira,ana.oliveira.491@email.com,41944695355,Rio de Janeiro
Rafael Santos,rafael.santos.492@email.com,51925247691,Porto Alegre
João Costa,joão.costa.493@email.com,31953992668,Curitiba
Lucas Nascimento,lucas.nascimento.494@email.com,11926861397,Porto Alegre
Lucas Costa,lucas.costa.495@email.com,11940462899,São Paulo
Rafael Almeida,rafael.almeida.496@email.com,51960700307,São Paulo
João Nascimento,joão.nascimento.497@email.com,41955833822,Belo Horizonte
Pedro Costa,pedro.costa.498@email.com,11944506251,Rio de Janeiro
Camila Almeida,camila.almeida.499@email.com,51915095910,Porto Alegre
Camila Lima,camila.lima.500@email.com,51965048284,Porto Alegre
Carlos Nascimento,carlos.nascimento.501@email.com,41911872243,Curitiba
Pedro Rodrigues,pedro.rodrigues.502@email.com,51915962464,Curitiba
Pedro Pereira,pedro.pereira.503@email.com,21985852250,Curitiba
Carlos Silva,carlos.silva.504@email.com,11987850067,Porto Alegre
Ana Pereira,ana.pereira.505@email.com,51918348666,Curitiba
Lucas Souza,lucas.souza.506@email.com,11954957385,São Paulo
Lucas Nascimento,lucas.nascimento.507@email.com,31935911397,Rio de Janeiro
Julia Silva,julia.silva.508@email.com,41978625854,São Paulo
Rafael Costa,rafael.costa.509@email.com,11990992974,Rio de Janeiro
Lucas Almeida,lucas.almeida.510@email.com,31959005343,São Paulo
Ana Souza,ana.souza.511@email.com,51927023052,Belo Horizonte
Ana Rodrigues,ana.rodrigues.512@email.com,51996907311,Porto Alegre
Julia Oliveira,julia.oliveira.513@email.com,11957898788,Porto Alegre
Carlos Almeida,carlos.almeida.514@email.com,11971842127,Curitiba
Fernanda Silva,fernanda.silva.515@email.com,51916927601,São Paulo
Julia Silva,julia.silva.516@email.com,21926118410,Rio de Janeiro
Camila Rodrigues,camila.rodrigues.517@email.com,11959279754,Rio de Janeiro
Rafael Oliveira,rafael.oliveira.518@email.com,51924775982,Curitiba
Julia Costa,julia.costa.519@email.com,51977373135,São Paulo
Lucas Rodrigues,lucas.rodrigues.520@email.com,21917512620,Belo Horizonte
Carlos Lima,carlos.lima.521@email.com,41981950895,Curitiba
Julia Nascimento,julia.nascimento.522@email.com,11948359667,Rio de Janeiro
Lucas Pereira,lucas.pereira.523@email.com,41981463835,Curitiba
Rafael Lima,rafael.lima.524@email.com,21996182566,Rio de Janeiro
Lucas Nascimento,lucas.nascimento.525@email.com,41968023990,Rio de Janeiro
Rafael Rodrigues,rafael.rodrigues.526@email.com,11914236554,Curitiba
Pedro Souza,pedro.souza.527@email.com,21913608792,Porto Alegre
João Nascimento,joão.nascimento.528@email.com,21921382078,Belo Horizonte
Rafael Pereira,rafael.pereira.529@email.com,11934374272,Belo Horizonte
Julia Rodrigues,julia.rodrigues.530@email.com,11986363343,Belo Horizonte
Julia Rodrigues,julia.rodrigues.531@email.com,41985334593,São Paulo
Camila Almeida,camila.almeida.532@email.com,11981811478,São Paulo
Pedro Rodrigues,pedro.rodrigues.533@email.com,31919164043,São Paulo
Rafael Silva,rafael.silva.534@email.com,21960313249,São Paulo
Pedro Silva,pedro.silva.535@email.com,31955362051,Rio de Janeiro
Julia Rodrigues,julia.rodrigues.536@email.com,51933515264,Porto Alegre
Rafael Costa,rafael.costa.537@email.com,11918581748,Rio de Janeiro
Fernanda Pereira,fernanda.pereira.538@email.com,31927720261,Rio de Janeiro
Fernanda Costa,fernanda.costa.539@email.com,21934316546,Belo Horizonte
Camila Santos,camila.santos.540@email.com,41945955315,Curitiba
Carlos Almeida,carlos.almeida.541@email.com,41936030057,Curitiba
Rafael Pereira,rafael.pereira.542@email.com,41979454697,Porto Alegre
Julia Silva,julia.silva.543@email.com,41920688401,Curitiba
Rafael Lima,rafael.lima.544@email.com,41943671997,Curitiba
Rafael Lima,rafael.lima.545@email.com,31940705652,Rio de Janeiro
Carlos Nascimento,carlos.nascimento.546@email.com,51992221728,Curitiba
Julia Rodrigues,julia.rodrigues.547@email.com,31936550120,Curitiba
Fernanda Rodrigues,fernanda.rodrigues.548@email.com,51955015622,Rio de Janeiro
Carlos Oliveira,carlos.oliveira.549@email.com,51993984111,Curitiba
Pedro Silva,pedro.silva.550@email.com,31943584965,Rio de Janeiro
Camila Oliveira,camila.oliveira.551@email.com,11947969155,Porto Alegre
Julia Santos,julia.santos.552@email.com,41931086700,Curitiba
Julia Almeida,julia.almeida.553@email.com,21974604848,São Paulo
Fernanda Silva,fernanda.silva.554@email.com,41931891333,Porto Alegre
Rafael Oliveira,rafael.oliveira.555@email.com,41915945827,Rio de Janeiro
Rafael Oliveira,rafael.oliveira.556@email.com,41910654827,Curitiba
Ana Nascimento,ana.nascimento.557@email.com,51987379108,Belo Horizonte
Maria Santos,maria.santos.558@email.com,11939021879,Belo Horizonte
Camila Oliveira,camila.oliveira.559@email.com,21952463327,Porto Alegre
João Oliveira,joão.oliveira.560@email.com,21933041363,São Paulo
Fernanda Pereira,fernanda.pereira.561@email.com,51960395408,Curitiba
Julia Costa,julia.costa.562@email.com,51916408383,Curitiba
Pedro Oliveira,pedro.oliveira.563@email.com,11946275541,Porto Alegre
Julia Oliveira,julia.oliveira.564@email.com,21978147211,Porto Alegre
João Santos,joão.santos.565@email.com,11937932401,Rio de Janeiro
Rafael Pereira,rafael.pereira.566@email.com,41922066083,São Paulo
Rafael Pereira,rafael.pereira.567@email.com,51964093871,Rio de Janeiro
João Almeida,joão.almeida.568@email.com,11990764626,Belo Horizonte
Julia Souza,julia.souza.569@email.com,41937617289,Curitiba
Rafael Lima,rafael.lima.570@email.com,21951200861,Belo Horizonte
Lucas Almeida,lucas.almeida.571@email.com,41968786792,Rio de Janeiro
Ana Rodrigues,ana.rodrigues.572@email.com,41965389641,Porto Alegre
Maria Nascimento,maria.nascimento.573@email.com,21918330173,Porto Alegre
Camila Santos,camila.santos.574@email.com,51923059081,Porto Alegre
Maria Rodrigues,maria.rodrigues.575@email.com,51958903696,Rio de Janeiro
Julia Santos,julia.santos.576@email.com,21918668059,Porto Alegre
Camila Santos,camila.santos.577@email.com,31970917931,São Paulo
Lucas Souza,lucas.souza.578@email.com,51965711331,Rio de Janeiro
Ana Costa,ana.costa.579@email.com,41954163003,Belo Horizonte
Camila Lima,camila.lima.580@email.com,41942826614,Rio de Janeiro
João Oliveira,joão.oliveira.581@email.com,21942830434,Rio de Janeiro
Ana Rodrigues,ana.rodrigues.582@email.com,21911542154,São Paulo
Rafael Souza,rafael.souza.583@email.com,41914136553,Porto Alegre
Rafael Souza,rafael.souza.584@email.com,11980137724,São Paulo
Pedro Santos,pedro.santos.585@email.com,41932520399,Rio de Janeiro
Maria Oliveira,maria.oliveira.586@email.com,41960265440,Curitiba
Maria Pereira,maria.pereira.587@email.com,41951451009,Belo Horizonte
Julia Lima,julia.lima.588@email.com,11916125313,Porto Alegre
Carlos Nascimento,carlos.nascimento.589@email.com,51910056272,Rio de Janeiro
Julia Almeida,julia.almeida.590@email.com,11974679910,Porto Alegre
Lucas Nascimento,lucas.nascimento.591@email.com,51930494043,Porto Alegre
Rafael Silva,rafael.silva.592@email.com,41919344205,Porto Alegre
Fernanda Nascimento,fernanda.nascimento.593@email.com,31958664478,São Paulo
João Costa,joão.costa.594@email.com,21961731721,São Paulo
Maria Santos,maria.santos.595@email.com,51998584244,São Paulo
Julia Lima,julia.lima.596@email.com,11933272038,São Paulo
Lucas Santos,lucas.santos.597@email.com,21996699272,São Paulo
Maria Almeida,maria.almeida.598@email.com,51951112009,Curitiba
Rafael Lima,rafael.lima.599@email.com,11943627733,Curitiba
Pedro Costa,pedro.costa.600@email.com,31947980336,Curitiba
Rafael Nascimento,rafael.nascimento.601@email.com,31929086411,São Paulo
Camila Costa,camila.costa.602@email.com,51922882807,Rio de Janeiro
Maria Silva,maria.silva.603@email.com,31959631119,São Paulo
Camila Rodrigues,camila.rodrigues.604@email.com,11995888608,São Paulo
Pedro Pereira,pedro.pereira.605@email.com,51955691435,Belo Horizonte
Camila Santos,camila.santos.606@email.com,11979889551,Rio de Janeiro
Fernanda Rodrigues,fernanda.rodrigues.607@email.com,31993606825,Belo Horizonte
Pedro Souza,pedro.souza.608@email.com,31932653060,Curitiba
Lucas Lima,lucas.lima.609@email.com,41934600117,Rio de Janeiro
Ana Lima,ana.lima.610@email.com,41933398216,Porto Alegre
Pedro Pereira,pedro.pereira.611@email.com,31918280450,Belo Horizonte
Pedro Pereira,pedro.pereira.612@email.com,11927699865,Porto Alegre
Camila Nascimento,camila.nascimento.613@email.com,11985268217,Belo Horizonte
Camila Silva,camila.silva.614@email.com,51982474574,Belo Horizonte
Maria Rodrigues,maria.rodrigues.615@email.com,41925330996,Porto Alegre
Julia Pereira,julia.pereira.616@email.com,11980197835,Curitiba
Rafael Costa,rafael.costa.617@email.com,21924635376,Rio de Janeiro
João Lima,joão.lima.618@email.com,11928651390,São Paulo
Ana Silva,ana.silva.619@email.com,51978304934,Curitiba
Pedro Santos,pedro.santos.620@email.com,11969638166,Porto Alegre
Lucas Rodrigues,lucas.rodrigues.621@email.com,31916208202,São Paulo
Camila Almeida,camila.almeida.622@email.com,11988333539,Belo Horizonte
Ana Silva,ana.silva.623@email.com,21941788441,Belo Horizonte
Lucas Lima,lucas.lima.624@email.com,21949017869,Rio de Janeiro
Maria Souza,maria.souza.625@email.com,21952064283,Curitiba
Rafael Silva,rafael.silva.626@email.com,31984400184,Porto Alegre
Julia Costa,julia.costa.627@email.com,11956104293,São Paulo
Ana Oliveira,ana.oliveira.628@email.com,51950853384,Belo Horizonte
Ana Pereira,ana.pereira.629@email.com,51921164832,São Paulo
João Santos,joão.santos.630@email.com,51986577082,São Paulo
Rafael Costa,rafael.costa.631@email.com,21964036305,Rio de Janeiro
Carlos Almeida,carlos.almeida.632@email.com,11934501789,São Paulo
Fernanda Lima,fernanda.lima.633@email.com,51950282312,Rio de Janeiro
Camila Souza,camila.souza.634@email.com,21974409072,Belo Horizonte
Maria Oliveira,maria.oliveira.635@email.com,11933036834,Curitiba
Fernanda Almeida,fernanda.almeida.636@email.com,51995327894,Porto Alegre
Pedro Oliveira,pedro.oliveira.637@email.com,51951121541,Porto Alegre
Lucas Silva,lucas.silva.638@email.com,11939993724,Rio de Janeiro
Carlos Almeida,carlos.almeida.639@email.com,31968079214,São Paulo
Pedro Costa,pedro.costa.640@email.com,31933080099,Rio de Janeiro
Carlos Almeida,carlos.almeida.641@email.com,51925139742,Porto Alegre
Lucas Souza,lucas.souza.642@email.com,51931470856,Curitiba
Fernanda Silva,fernanda.silva.643@email.com,51916761239,Porto Alegre
João Silva,joão.silva.644@email.com,41911722229,Curitiba
Carlos Lima,carlos.lima.645@email.com,31978283738,Rio de Janeiro
Carlos Souza,carlos.souza.646@email.com,51989177905,Belo Horizonte
Rafael Lima,rafael.lima.647@email.com,11943325886,Belo Horizonte
Fernanda Rodrigues,fernanda.rodrigues.648@email.com,31996518058,Porto Alegre
Pedro Almeida,pedro.almeida.649@email.com,51971537624,Rio de Janeiro
Lucas Nascimento,lucas.nascimento.650@email.com,21983784225,Porto Alegre
Pedro Rodrigues,pedro.rodrigues.651@email.com,21959724712,São Paulo
Maria Pereira,maria.pereira.652@email.com,31934638625,São Paulo
Rafael Silva,rafael.silva.653@email.com,11968689947,Porto Alegre
Maria Oliveira,maria.oliveira.654@email.com,21988819441,São Paulo
Maria Costa,maria.costa.655@email.com,41944376314,Belo Horizonte
João Costa,joão.costa.656@email.com,11940312930,São Paulo
Fernanda Oliveira,fernanda.oliveira.657@email.com,51944714142,Curitiba
Fernanda Souza,fernanda.souza.658@email.com,51952176526,Curitiba
Maria Rodrigues,maria.rodrigues.659@email.com,21935994440,Belo Horizonte
Ana Almeida,ana.almeida.660@email.com,21927964722,Belo Horizonte
Fernanda Almeida,fernanda.almeida.661@email.com,41943561904,Belo Horizonte
Fernanda Oliveira,fernanda.oliveira.662@email.com,11991212781,Rio de Janeiro
Maria Oliveira,maria.oliveira.663@email.com,11938007417,Rio de Janeiro
João Santos,joão.santos.664@email.com,31926924344,Curitiba
Pedro Santos,pedro.santos.665@email.com,11950364851,São Paulo
João Souza,joão.souza.666@email.com,21986752527,Porto Alegre
João Costa,joão.costa.667@email.com,31958539570,Belo Horizonte
Rafael Almeida,rafael.almeida.668@email.com,21955187993,Belo Horizonte
Fernanda Souza,fernanda.souza.669@email.com,41990665012,Porto Alegre
Maria Rodrigues,maria.rodrigues.670@email.com,21964872376,Rio de Janeiro
Camila Rodrigues,camila.rodrigues.671@email.com,31959249452,Curitiba
Carlos Almeida,carlos.almeida.672@email.com,41951050568,Porto Alegre
Rafael Costa,rafael.costa.673@email.com,11995080147,Porto Alegre
Lucas Pereira,lucas.pereira.674@email.com,51925081344,São Paulo
Rafael Santos,rafael.santos.675@email.com,51916158962,Belo Horizonte
Carlos Lima,carlos.lima.676@email.com,41942388155,São Paulo
João Silva,joão.silva.677@email.com,51939592372,Belo Horizonte
Rafael Nascimento,rafael.nascimento.678@email.com,11946303127,Belo Horizonte
Julia Santos,julia.santos.679@email.com,21976363516,Porto Alegre
Fernanda Almeida,fernanda.almeida.680@email.com,11912714259,Rio de Janeiro
Lucas Lima,lucas.lima.681@email.com,21992454813,São Paulo
Rafael Almeida,rafael.almeida.682@email.com,11917502462,Porto Alegre
Maria Oliveira,maria.oliveira.683@email.com,11921101487,Curitiba
Carlos Oliveira,carlos.oliveira.684@email.com,51985701229,São Paulo
Julia Santos,julia.santos.685@email.com,11957029604,São Paulo
Julia Santos,julia.santos.686@email.com,11999777714,Rio de Janeiro
Maria Santos,maria.santos.687@email.com,21952205411,Belo Horizonte
João Souza,joão.souza.688@email.com,41927968096,Belo Horizonte
João Souza,joão.souza.689@email.com,21975005805,Porto Alegre
Fernanda Silva,fernanda.silva.690@email.com,41970600289,Porto Alegre
Pedro Santos,pedro.santos.691@email.com,21969685896,Belo Horizonte
Fernanda Almeida,fernanda.almeida.692@email.com,31946611389,Porto Alegre
Camila Nascimento,camila.nascimento.693@email.com,41953715715,Belo Horizonte
Pedro Souza,pedro.souza.694@email.com,31940604398,Belo Horizonte
Julia Souza,julia.souza.695@email.com,21919382424,São Paulo
João Rodrigues,joão.rodrigues.696@email.com,21943256657,São Paulo
Ana Almeida,ana.almeida.697@email.com,51977828494,Belo Horizonte
Fernanda Santos,fernanda.santos.698@email.com,51975107539,Porto Alegre
Maria Oliveira,maria.oliveira.699@email.com,11964547553,Rio de Janeiro
Carlos Silva,carlos.silva.700@email.com,31967361016,Rio de Janeiro
João Almeida,joão.almeida.701@email.com,31945339937,Curitiba
Lucas Rodrigues,lucas.rodrigues.702@email.com,21920048789,Porto Alegre
Lucas Nascimento,lucas.nascimento.703@email.com,21938840689,Curitiba
Fernanda Nascimento,fernanda.nascimento.704@email.com,31975639882,Rio de Janeiro
Lucas Silva,lucas.silva.705@email.com,41947977354,São Paulo
Carlos Lima,carlos.lima.706@email.com,21964459865,Belo Horizonte
Fernanda Silva,fernanda.silva.707@email.com,21948895831,Rio de Janeiro
João Rodrigues,joão.rodrigues.708@email.com,31917238769,Curitiba
João Pereira,joão.pereira.709@email.com,21937908288,São Paulo
Rafael Costa,rafael.costa.710@email.com,31996735956,São Paulo
Lucas Souza,lucas.souza.711@email.com,11986068013,Rio de Janeiro
Lucas Oliveira,lucas.oliveira.712@email.com,21975972444,Rio de Janeiro
Maria Almeida,maria.almeida.713@email.com,21917432077,Porto Alegre
Maria Santos,maria.santos.714@email.com,31911467865,Porto Alegre
Julia Lima,julia.lima.715@email.com,21982339579,Curitiba
Camila Pereira,camila.pereira.716@email.com,51991888502,Curitiba
Maria Pereira,maria.pereira.717@email.com,41992960484,Curitiba
Lucas Silva,lucas.silva.718@email.com,11981180044,Porto Alegre
João Pereira,joão.pereira.719@email.com,21950503535,São Paulo
Camila Rodrigues,camila.rodrigues.720@email.com,31957969675,São Paulo
João Nascimento,joão.nascimento.721@email.com,51938946353,Curitiba
Camila Santos,camila.santos.722@email.com,11915575944,Rio de Janeiro
Maria Oliveira,maria.oliveira.723@email.com,11999472924,Curitiba
Camila Almeida,camila.almeida.724@email.com,11971851398,Rio de Janeiro
Pedro Costa,pedro.costa.725@email.com,21925895728,São Paulo
Carlos Nascimento,carlos.nascimento.726@email.com,51924015349,São Paulo
João Costa,joão.costa.727@email.com,31968772316,Belo Horizonte
Ana Silva,ana.silva.728@email.com,21915677819,Porto Alegre
Fernanda Costa,fernanda.costa.729@email.com,31945821986,Rio de Janeiro
Ana Lima,ana.lima.730@email.com,21913282816,São Paulo
Lucas Pereira,lucas.pereira.731@email.com,21972102363,Rio de Janeiro
Fernanda Almeida,fernanda.almeida.732@email.com,31953375658,Curitiba
João Souza,joão.souza.733@email.com,41918397827,Belo Horizonte
Camila Silva,camila.silva.734@email.com,51971777965,Curitiba
João Souza,joão.souza.735@email.com,11969064190,Rio de Janeiro
Maria Lima,maria.lima.736@email.com,21980399772,Curitiba
Lucas Santos,lucas.santos.737@email.com,11970458167,Rio de Janeiro
Lucas Almeida,lucas.almeida.738@email.com,21956805972,Porto Alegre
Pedro Santos,pedro.santos.739@email.com,41986602045,Belo Horizonte
Julia Santos,julia.santos.740@email.com,51951989363,Porto Alegre
Carlos Nascimento,carlos.nascimento.741@email.com,11931260147,São Paulo
Rafael Silva,rafael.silva.742@email.com,21991324057,Rio de Janeiro
Rafael Silva,rafael.silva.743@email.com,21943126715,São Paulo
Ana Nascimento,ana.nascimento.744@email.com,31933138253,Porto Alegre
João Oliveira,joão.oliveira.745@email.com,31943932671,São Paulo
Pedro Nascimento,pedro.nascimento.746@email.com,31942781491,Porto Alegre
Rafael Souza,rafael.souza.747@email.com,51953801638,São Paulo
Ana Lima,ana.lima.748@email.com,51912524691,Belo Horizonte
Pedro Rodrigues,pedro.rodrigues.749@email.com,31968508159,Belo Horizonte
Rafael Rodrigues,rafael.rodrigues.750@email.com,31949379407,Curitiba
Maria Lima,maria.lima.751@email.com,11957120254,Belo Horizonte
Maria Oliveira,maria.oliveira.752@email.com,21964901849,Curitiba
Lucas Santos,lucas.santos.753@email.com,31986746561,Curitiba
Rafael Costa,rafael.costa.754@email.com,21987359213,Belo Horizonte
Maria Nascimento,maria.nascimento.755@email.com,41976429178,Belo Horizonte
Julia Pereira,julia.pereira.756@email.com,11914844998,Porto Alegre
Maria Oliveira,maria.oliveira.757@email.com,11969128907,Belo Horizonte
Pedro Lima,pedro.lima.758@email.com,51929192197,Porto Alegre
Julia Souza,julia.souza.759@email.com,51911357595,São Paulo
Fernanda Lima,fernanda.lima.760@email.com,31917276009,São Paulo
Camila Lima,camila.lima.761@email.com,31929304801,Rio de Janeiro
Fernanda Oliveira,fernanda.oliveira.762@email.com,21996990214,Belo Horizonte
Carlos Souza,carlos.souza.763@email.com,41984635415,São Paulo
Pedro Silva,pedro.silva.764@email.com,11985187782,Rio de Janeiro
Lucas Silva,lucas.silva.765@email.com,11961213710,São Paulo
Ana Oliveira,ana.oliveira.766@email.com,41956991882,Curitiba
Lucas Silva,lucas.silva.767@email.com,31969823908,Porto Alegre
Camila Nascimento,camila.nascimento.768@email.com,21943515344,São Paulo
Fernanda Silva,fernanda.silva.769@email.com,51916187180,Porto Alegre
Camila Souza,camila.souza.770@email.com,41956191355,Curitiba
Pedro Silva,pedro.silva.771@email.com,31936705554,Belo Horizonte
Carlos Lima,carlos.lima.772@email.com,21911391345,Belo Horizonte
Carlos Costa,carlos.costa.773@email.com,51961965706,São Paulo
Camila Costa,camila.costa.774@email.com,11980867723,Belo Horizonte
Lucas Lima,lucas.lima.775@email.com,51948442346,Porto Alegre
Camila Almeida,camila.almeida.776@email.com,21995908793,São Paulo
Ana Souza,ana.souza.777@email.com,21945943634,São Paulo
Fernanda Souza,fernanda.souza.778@email.com,21949912495,Curitiba
Lucas Rodrigues,lucas.rodrigues.779@email.com,11933801955,São Paulo
Rafael Lima,rafael.lima.780@email.com,41980762723,Rio de Janeiro
Julia Rodrigues,julia.rodrigues.781@email.com,11965307810,Belo Horizonte
Fernanda Souza,fernanda.souza.782@email.com,51997641602,São Paulo
Pedro Silva,pedro.silva.783@email.com,31964959988,Belo Horizonte
Julia Silva,julia.silva.784@email.com,41942793900,São Paulo
João Silva,joão.silva.785@email.com,11960434003,Belo Horizonte
Pedro Souza,pedro.souza.786@email.com,51956306522,Porto Alegre
João Lima,joão.lima.787@email.com,11985172087,Belo Horizonte
Fernanda Nascimento,fernanda.nascimento.788@email.com,41960046092,Belo Horizonte
Fernanda Souza,fernanda.souza.789@email.com,11996024096,Curitiba
João Pereira,joão.pereira.790@email.com,41915084282,Curitiba
Fernanda Rodrigues,fernanda.rodrigues.791@email.com,51965179060,Curitiba
Rafael Oliveira,rafael.oliveira.792@email.com,11980740895,Rio de Janeiro
Maria Almeida,maria.almeida.793@email.com,41930999869,São Paulo
Carlos Costa,carlos.costa.794@email.com,41922016514,São Paulo
Rafael Almeida,rafael.almeida.795@email.com,21937273760,Belo Horizonte
Fernanda Pereira,fernanda.pereira.796@email.com,51993224660,Porto Alegre
Camila Pereira,camila.pereira.797@email.com,51931996245,São Paulo
Camila Lima,camila.lima.798@email.com,41914529559,Rio de Janeiro
Lucas Oliveira,lucas.oliveira.799@email.com,51953374817,Porto Alegre
Julia Silva,julia.silva.800@email.com,21980587017,São Paulo
Pedro Oliveira,pedro.oliveira.801@email.com,21955787186,Curitiba
Lucas Silva,lucas.silva.802@email.com,51919533831,Porto Alegre
Ana Santos,ana.santos.803@email.com,31974129763,Rio de Janeiro
João Nascimento,joão.nascimento.804@email.com,51963073447,Rio de Janeiro
Lucas Rodrigues,lucas.rodrigues.805@email.com,31962646856,São Paulo
Ana Rodrigues,ana.rodrigues.806@email.com,21975905868,Rio de Janeiro
Lucas Oliveira,lucas.oliveira.807@email.com,11982923600,São Paulo
Rafael Lima,rafael.lima.808@email.com,21918808835,Rio de Janeiro
Lucas Silva,lucas.silva.809@email.com,41992806552,Porto Alegre
Camila Souza,camila.souza.810@email.com,11939272416,São Paulo
Rafael Rodrigues,rafael.rodrigues.811@email.com,11983423198,Porto Alegre
Fernanda Rodrigues,fernanda.rodrigues.812@email.com,41998736389,Belo Horizonte
Camila Lima,camila.lima.813@email.com,41913079338,Porto Alegre
Pedro Oliveira,pedro.oliveira.814@email.com,51960154795,Belo Horizonte
João Pereira,joão.pereira.815@email.com,11927906251,Belo Horizonte
Rafael Almeida,rafael.almeida.816@email.com,21915456548,Curitiba
Lucas Souza,lucas.souza.817@email.com,21953033148,Rio de Janeiro
Pedro Lima,pedro.lima.818@email.com,31953924756,São Paulo
Ana Rodrigues,ana.rodrigues.819@email.com,31964334427,Curitiba
Maria Pereira,maria.pereira.820@email.com,21949511023,Rio de Janeiro
Pedro Nascimento,pedro.nascimento.821@email.com,11917469671,Curitiba
Fernanda Oliveira,fernanda.oliveira.822@email.com,51960455458,Curitiba
Rafael Souza,rafael.souza.823@email.com,11973349754,São Paulo
João Costa,joão.costa.824@email.com,11987608289,Belo Horizonte
Camila Pereira,camila.pereira.825@email.com,11963531931,Belo Horizonte
Camila Oliveira,camila.oliveira.826@email.com,41965629522,Porto Alegre
Maria Costa,maria.costa.827@email.com,31951323400,Porto Alegre
Fernanda Santos,fernanda.santos.828@email.com,11943396061,Curitiba
Carlos Santos,carlos.santos.829@email.com,41955971975,São Paulo
João Silva,joão.silva.830@email.com,31952793605,São Paulo
Ana Nascimento,ana.nascimento.831@email.com,41967609167,Curitiba
Julia Souza,julia.souza.832@email.com,41991764024,Curitiba
Camila Lima,camila.lima.833@email.com,31950239982,Rio de Janeiro
Camila Nascimento,camila.nascimento.834@email.com,21987899476,Curitiba
João Nascimento,joão.nascimento.835@email.com,31910077678,Porto Alegre
Rafael Almeida,rafael.almeida.836@email.com,51957942314,Porto Alegre
Lucas Lima,lucas.lima.837@email.com,21992626110,Rio de Janeiro
Ana Rodrigues,ana.rodrigues.838@email.com,21944512157,Porto Alegre
Fernanda Almeida,fernanda.almeida.839@email.com,51951762214,São Paulo
Pedro Santos,pedro.santos.840@email.com,51935254721,Porto Alegre
Lucas Lima,lucas.lima.841@email.com,31986121981,Curitiba
Carlos Costa,carlos.costa.842@email.com,11982031382,Porto Alegre
Rafael Souza,rafael.souza.843@email.com,51970279674,Rio de Janeiro
Fernanda Pereira,fernanda.pereira.844@email.com,51997641208,São Paulo
Carlos Santos,carlos.santos.845@email.com,51946121901,Curitiba
Rafael Souza,rafael.souza.846@email.com,41948124783,São Paulo
João Silva,joão.silva.847@email.com,31950936199,Belo Horizonte
João Souza,joão.souza.848@email.com,41932774343,São Paulo
Camila Souza,camila.souza.849@email.com,41922175393,Porto Alegre
Fernanda Santos,fernanda.santos.850@email.com,51940672404,Curitiba
Lucas Pereira,lucas.pereira.851@email.com,11975728031,Curitiba
Rafael Silva,rafael.silva.852@email.com,31936196074,Porto Alegre
João Pereira,joão.pereira.853@email.com,31990925532,São Paulo
Maria Costa,maria.costa.854@email.com,41918622347,Curitiba
Julia Rodrigues,julia.rodrigues.855@email.com,51949105660,São Paulo
Julia Lima,julia.lima.856@email.com,41916683474,Belo Horizonte
João Rodrigues,joão.rodrigues.857@email.com,21994710345,Curitiba
Lucas Silva,lucas.silva.858@email.com,51945101576,Belo Horizonte
João Oliveira,joão.oliveira.859@email.com,41952903517,Rio de Janeiro
Carlos Rodrigues,carlos.rodrigues.860@email.com,21928076619,Belo Horizonte
Maria Nascimento,maria.nascimento.861@email.com,11971385075,Rio de Janeiro
Pedro Oliveira,pedro.oliveira.862@email.com,31928030594,Belo Horizonte
Pedro Souza,pedro.souza.863@email.com,31934480200,Porto Alegre
Lucas Pereira,lucas.pereira.864@email.com,51973588986,São Paulo
Julia Santos,julia.santos.865@email.com,41997147618,Belo Horizonte
Pedro Lima,pedro.lima.866@email.com,11951213562,Porto Alegre
Julia Costa,julia.costa.867@email.com,21985636248,Belo Horizonte
Julia Costa,julia.costa.868@email.com,11958060011,Rio de Janeiro
João Almeida,joão.almeida.869@email.com,51918289630,Curitiba
Carlos Silva,carlos.silva.870@email.com,21963442071,Belo Horizonte
Julia Lima,julia.lima.871@email.com,41990007666,Belo Horizonte
João Silva,joão.silva.872@email.com,51970654263,Porto Alegre
Fernanda Souza,fernanda.souza.873@email.com,21946840731,Porto Alegre
João Oliveira,joão.oliveira.874@email.com,21952461800,Rio de Janeiro
Lucas Costa,lucas.costa.875@email.com,31982460786,São Paulo
Julia Nascimento,julia.nascimento.876@email.com,11955220766,Rio de Janeiro
Pedro Costa,pedro.costa.877@email.com,31960505427,Porto Alegre
Fernanda Pereira,fernanda.pereira.878@email.com,41964765957,Belo Horizonte
Ana Lima,ana.lima.879@email.com,11924297574,Curitiba
João Oliveira,joão.oliveira.880@email.com,41969581412,Porto Alegre
Julia Silva,julia.silva.881@email.com,21973668315,Porto Alegre
Rafael Silva,rafael.silva.882@email.com,31935291399,São Paulo
Maria Costa,maria.costa.883@email.com,21953791317,Belo Horizonte
Ana Nascimento,ana.nascimento.884@email.com,21933634768,Porto Alegre
Fernanda Oliveira,fernanda.oliveira.885@email.com,41921223249,Curitiba
Carlos Almeida,carlos.almeida.886@email.com,51922652513,Belo Horizonte
Camila Souza,camila.souza.887@email.com,21951978134,São Paulo
Rafael Santos,rafael.santos.888@email.com,21926624690,São Paulo
Pedro Pereira,pedro.pereira.889@email.com,21981162123,Porto Alegre
Lucas Oliveira,lucas.oliveira.890@email.com,21937741743,São Paulo
Fernanda Pereira,fernanda.pereira.891@email.com,21953360269,Porto Alegre
Carlos Nascimento,carlos.nascimento.892@email.com,11996427017,Rio de Janeiro
Fernanda Silva,fernanda.silva.893@email.com,31979116595,Curitiba
Pedro Silva,pedro.silva.894@email.com,41990709834,Curitiba
Julia Pereira,julia.pereira.895@email.com,41941013737,Belo Horizonte
Lucas Lima,lucas.lima.896@email.com,41983731201,Porto Alegre
João Pereira,joão.pereira.897@email.com,41936545842,São Paulo
Pedro Lima,pedro.lima.898@email.com,11997514444,Rio de Janeiro
Lucas Nascimento,lucas.nascimento.899@email.com,21974515821,Curitiba
Ana Costa,ana.costa.900@email.com,11964100087,Belo Horizonte
Maria Pereira,maria.pereira.901@email.com,21924263498,São Paulo
Pedro Costa,pedro.costa.902@email.com,11959483404,Porto Alegre
Rafael Costa,rafael.costa.903@email.com,31911290757,São Paulo
Rafael Pereira,rafael.pereira.904@email.com,41928132385,Porto Alegre
Fernanda Santos,fernanda.santos.905@email.com,51996611675,São Paulo
João Almeida,joão.almeida.906@email.com,11954257835,Belo Horizonte
João Silva,joão.silva.907@email.com,41916328464,Belo Horizonte
Fernanda Nascimento,fernanda.nascimento.908@email.com,41955004153,Belo Horizonte
Maria Oliveira,maria.oliveira.909@email.com,21987936693,Porto Alegre
João Santos,joão.santos.910@email.com,31975770024,Rio de Janeiro
João Souza,joão.souza.911@email.com,41940576503,São Paulo
Carlos Pereira,carlos.pereira.912@email.com,41957440198,São Paulo
Camila Silva,camila.silva.913@email.com,31929556479,Porto Alegre
Julia Almeida,julia.almeida.914@email.com,51937606672,Curitiba
Carlos Rodrigues,carlos.rodrigues.915@email.com,51969136025,Belo Horizonte
Lucas Santos,lucas.santos.916@email.com,41958223968,São Paulo
Lucas Pereira,lucas.pereira.917@email.com,41990697223,Rio de Janeiro
Julia Oliveira,julia.oliveira.918@email.com,21961455956,São Paulo
Ana Souza,ana.souza.919@email.com,41943893968,Rio de Janeiro
Ana Rodrigues,ana.rodrigues.920@email.com,31916559945,Rio de Janeiro
João Oliveira,joão.oliveira.921@email.com,41919430617,Belo Horizonte
Carlos Lima,carlos.lima.922@email.com,31991174353,Porto Alegre
Camila Rodrigues,camila.rodrigues.923@email.com,21964672176,Belo Horizonte
Julia Oliveira,julia.oliveira.924@email.com,21937083115,Belo Horizonte
Lucas Santos,lucas.santos.925@email.com,11982959868,Belo Horizonte
Maria Pereira,maria.pereira.926@email.com,51962156869,Belo Horizonte
Pedro Nascimento,pedro.nascimento.927@email.com,21960709301,Porto Alegre
Ana Santos,ana.santos.928@email.com,41991625241,Rio de Janeiro
Pedro Almeida,pedro.almeida.929@email.com,11978923116,Curitiba
Fernanda Costa,fernanda.costa.930@email.com,21952624906,São Paulo
Fernanda Costa,fernanda.costa.931@email.com,21943549230,Rio de Janeiro
Maria Santos,maria.santos.932@email.com,41950191608,Curitiba
Carlos Oliveira,carlos.oliveira.933@email.com,11967275451,Rio de Janeiro
Carlos Rodrigues,carlos.rodrigues.934@email.com,11941655407,São Paulo
Camila Santos,camila.santos.935@email.com,11939092169,Porto Alegre
Fernanda Lima,fernanda.lima.936@email.com,51937074286,São Paulo
Rafael Silva,rafael.silva.937@email.com,21995404708,Curitiba
Ana Costa,ana.costa.938@email.com,21998391626,Porto Alegre
Maria Santos,maria.santos.939@email.com,41990954028,São Paulo
Maria Costa,maria.costa.940@email.com,31970175886,Porto Alegre
Julia Rodrigues,julia.rodrigues.941@email.com,11923848546,Rio de Janeiro
Maria Pereira,maria.pereira.942@email.com,11940881525,Rio de Janeiro
Julia Oliveira,julia.oliveira.943@email.com,21958095160,Porto Alegre
Lucas Pereira,lucas.pereira.944@email.com,41955291405,Rio de Janeiro
Camila Souza,camila.souza.945@email.com,51977764595,Rio de Janeiro
Carlos Santos,carlos.santos.946@email.com,21934428136,Belo Horizonte
Lucas Pereira,lucas.pereira.947@email.com,11980727351,Curitiba
Lucas Oliveira,lucas.oliveira.948@email.com,51994591640,Curitiba
João Oliveira,joão.oliveira.949@email.com,31954594046,Rio de Janeiro
Lucas Costa,lucas.costa.950@email.com,21912680932,Rio de Janeiro
Julia Almeida,julia.almeida.951@email.com,41978125616,Curitiba
Camila Silva,camila.silva.952@email.com,11920943940,Rio de Janeiro
Lucas Costa,lucas.costa.953@email.com,11959596555,São Paulo
Carlos Rodrigues,carlos.rodrigues.954@email.com,31959688861,São Paulo
Maria Almeida,maria.almeida.955@email.com,31919607702,Belo Horizonte
Julia Rodrigues,julia.rodrigues.956@email.com,31954001469,Curitiba
Camila Nascimento,camila.nascimento.957@email.com,41977692344,Curitiba
Fernanda Silva,fernanda.silva.958@email.com,51915190020,Rio de Janeiro
Camila Almeida,camila.almeida.959@email.com,41953449379,Belo Horizonte
Julia Pereira,julia.pereira.960@email.com,31965910872,Porto Alegre
Lucas Oliveira,lucas.oliveira.961@email.com,21928042820,Porto Alegre
Camila Pereira,camila.pereira.962@email.com,21915191286,Porto Alegre
Lucas Oliveira,lucas.oliveira.963@email.com,41935030310,São Paulo
Pedro Nascimento,pedro.nascimento.964@email.com,11949368714,Curitiba
Camila Souza,camila.souza.965@email.com,41934959018,São Paulo
Camila Almeida,camila.almeida.966@email.com,41980242070,Porto Alegre
Camila Santos,camila.santos.967@email.com,41961789702,Porto Alegre
Lucas Costa,lucas.costa.968@email.com,11961034800,Rio de Janeiro
Fernanda Oliveira,fernanda.oliveira.969@email.com,11934478852,Rio de Janeiro
Pedro Silva,pedro.silva.970@email.com,31978048345,Curitiba
Maria Rodrigues,maria.rodrigues.971@email.com,31995862951,São Paulo
Rafael Souza,rafael.souza.972@email.com,11979078439,Rio de Janeiro
Ana Oliveira,ana.oliveira.973@email.com,41949904059,Porto Alegre
João Oliveira,joão.oliveira.974@email.com,31984771890,São Paulo
Julia Almeida,julia.almeida.975@email.com,31929542560,Porto Alegre
Lucas Oliveira,lucas.oliveira.976@email.com,41971256327,Curitiba
Maria Lima,maria.lima.977@email.com,11917673299,São Paulo
Pedro Almeida,pedro.almeida.978@email.com,51973718156,Curitiba
Carlos Costa,carlos.costa.979@email.com,51920365521,Belo Horizonte
Carlos Pereira,carlos.pereira.980@email.com,21964939920,São Paulo
Fernanda Nascimento,fernanda.nascimento.981@email.com,21991018565,Curitiba
João Pereira,joão.pereira.982@email.com,21990648836,Belo Horizonte
Rafael Silva,rafael.silva.983@email.com,11962579165,Curitiba
Julia Costa,julia.costa.984@email.com,11978059015,São Paulo
João Costa,joão.costa.985@email.com,11910594157,São Paulo
Ana Lima,ana.lima.986@email.com,31992517405,Rio de Janeiro
Ana Nascimento,ana.nascimento.987@email.com,11923981122,São Paulo
Carlos Oliveira,carlos.oliveira.988@email.com,31964587699,Rio de Janeiro
Carlos Costa,carlos.costa.989@email.com,51982815511,Rio de Janeiro
João Costa,joão.costa.990@email.com,11951449620,Curitiba
Rafael Almeida,rafael.almeida.991@email.com,21973905361,Belo Horizonte
Lucas Pereira,lucas.pereira.992@email.com,11996545911,Rio de Janeiro
Carlos Almeida,carlos.almeida.993@email.com,31981034886,Curitiba
Rafael Lima,rafael.lima.994@email.com,21975960093,Porto Alegre
Maria Nascimento,maria.nascimento.995@email.com,31969294901,Rio de Janeiro
João Lima,joão.lima.996@email.com,11932733993,Belo Horizonte
Pedro Almeida,pedro.almeida.997@email.com,31998963561,Belo Horizonte
Pedro Silva,pedro.silva.998@email.com,21914553873,São Paulo
Fernanda Souza,fernanda.souza.999@email.com,21964344030,Rio de Janeiro
Rafael Costa,rafael.costa.1000@email.com,21942996621,Porto Alegre
